{
  "version": 2,
  "robot": {
    "modules": {
      "app": {
          "init": {
            "waypoints": [[49.949526, 12.697371],
                          [49.950105, 12.696098],
                          [49.950455, 12.696915],
                          [49.949334, 12.698294],
                          [49.948960, 12.698260],
                          [49.948932, 12.698031]]
          }
      }
    }
  }
}

