{
  "version": 2,
  "robot": {
    "modules": {
      "app": {
          "init": {
            "waypoints":            
              [[48.6585656667, 14.164983], [48.6586993, 14.164965], 
               [48.6583097, 14.1646324], [48.6585656667, 14.164983]]
          }
      }
    }
  }
}

