{
  "version": 2,
  "robot": {
    "modules": {
      "app": {
          "init": {
            "waypoints": [[48.6585656667, 14.164983], [48.6585393333, 14.1648886667], [48.6584906, 14.1649042],
[48.6585009, 14.164824], [48.6585656667, 14.164983]]
          }
      }
    }
  }
}

