{
  "version": 2,
  "robot": {
    "modules": {
      "app": {
          "init": {
            "waypoints": [[50.04315344681548, 14.533605979305753], 
              [50.0432481667, 14.535164], [50.0429683, 14.5346024],
                [50.0427376, 14.5351834], [50.0431806667, 14.5351241667]]
          }
      }
    }
  }
}

